Playlist Size,Response Time (s),Memory Usage (MB),Number of Recommendations
10,0.12406587600708008,24.876947,5
50,0.1268937587738037,24.11805,5
100,0.13676142692565918,24.127565,5
500,0.2538790702819824,24.197656,5
1000,0.5237748622894287,24.297185,5
